subject,question,answer,answer_letter,choice_A,choice_B,choice_C,choice_D
elementary_mathematics,The schedule for a music showcase includes 3 sets that are 20 minutes each and 1 set that is 40 minutes. There is a 10-minute break between each set. The total length of the music showcase is 3(20 + 10) + 40 minutes. What is the total length of the music showcase?,2,C,73 minutes,110 minutes,130 minutes,210 minutes
elementary_mathematics,What is 123 / 8?,1,B,15 remainder 7,15 remainder 3,16 remainder 5,16 remainder 1
elementary_mathematics,Which pair of ratios CANNOT form a proportion?,3,D,4 over 5 and 24 over 30,4 over 5 and 20 over 25,36 over 45 and 4 over 5,4 over 5 and 20 over 30
elementary_mathematics,Which of the following is NOT equivalent to 3 and 3 over 4 gal?,3,D,60 c,15 qt,30 pt,13 qt
elementary_mathematics,Which expression is equivalent to 9(9m + 3t)?,3,D,18m + 3t,81m+3t,18m + 12t,81m + 27t
elementary_mathematics,All of Bella’s photos are in 8 photo books. Each photo book has 25 photos. Which expression shows how to find the total number of photos Bella has?,3,D,25 ÷ 8,25 – 8,25 + 8,25 × 8
elementary_mathematics,Find the product of 5 • (−9).,3,D,14,−4,45,−45
elementary_mathematics,Solve the equation x + 71 = −22.,0,A,−93,−49,49,93
elementary_mathematics,"There are 20 students in Mr. Clark's fourth-grade class. There are 5 times as many students in the entire fourth grade as there are in Mr. Clark's class. Which equation can be used to determine the number of students, n, in the entire fourth grade?",2,C,5xn= 20,5+20=n,20x5=n,20/n=5
elementary_mathematics,What is the greatest common factor of 36 and 90?,1,B,6,18,36,180
elementary_mathematics,"Simplify −4 + 7 • 3^2. Use a calculator, paper and pencil, or mental math.",3,D,437,27,289,59
elementary_mathematics,"Mr. Jones rolls a six-sided cube numbered 1, 2, 3, 4, 5, 6. What is the probability he rolls a three?",0,A,6-Jan,5-Jan,3-Jan,2-Jan
elementary_mathematics,Two whole numbers have a least common multiple of 60. Each number is less than or equal to 12. The greatest common factor of the two numbersis 2. What are the two numbers?,2,C,6 and 10,5 and 12,10 and 12,12 and 15
elementary_mathematics,Some bakers make apple pies. They have 15 boxes of apples. Each box has 18 apples. They use 7 apples for each pie. What is the total number of apple pies that the bakers can make?,1,B,33,38,39,40
elementary_mathematics,Theresa had a bag of 72 marbles. She put the marbles into 9 equal groups. Which number sentence shows how to find the number of marbles Theresa put into each group?,0,A,72 ÷ 9 = 8,72 – 9 = 63,9 + 72 = 81,9 ÷ 72 = 0.125
elementary_mathematics,Which pair of expressions below are equivalent?,2,C,7(2x) and 9x,3x + 5x and 15x,4(2x — 6) and 8x — 24,x+x+x+x and x^4
elementary_mathematics,"A stack of 7 pennies has a height of 1 centimeter. Nick has a stack of pennies with a height of 4 centimeters. Which equation can be used to find the number of pennies, n, in Nick’s stack of pennies?",2,C,n =7+4,n =7–4,n =7×4,n =7÷4
elementary_mathematics,"Lily is going to give away all the pieces of candy in a bag. She can give an equal number of pieces of candy to 5, 3, or 2 people. Which number of pieces of candy could be in Lily’s bag?",2,C,12,20,30,45
elementary_mathematics,Ms. Carter has 30 students in her classroom. She arranges them into 5 equal groups. Which expression represents how to find the number of students in each group?,1,B,30+5,30/5,30-5,30x5
elementary_mathematics,Write 7 over 33 as a decimal.,1,B,0.021 repeating,0.21 Repeating,0.22 Repeating,0.2121
elementary_mathematics,Ken and Tami are making necklaces. Ken makes 25 necklaces. Tami makes m more necklaces than Ken. Which expression represents the total number of necklaces Ken and Tami made?,0,A,25 + (25+ m),25 + 25m,25 + m,25m
elementary_mathematics,Which set of integers is in order from least to greatest?,0,A,"−9, −6, −3, 7, 11","−3, −6, 7, 11, –9","11, −9, 7, −6, −3","7, 11, −6, −3, −9"
elementary_mathematics,Conor made 9 shapes with straws. Each shape had 5 straws. Conor used 15 more straws to make more shapes. Whatis the total number of straws Conor used to make all the shapes?,3,D,20,29,45,60
elementary_mathematics,Use a number line to find the sum of −9 + (−8).,0,A,−17,1,−1,17
elementary_mathematics,"What is the measure, in degrees, of an angle that is equivalent to 1/360 of a circle?",0,A,1,90,180,360
elementary_mathematics,Malik has 240 CDs. He sorted them into 12 equal groups. Which expression shows how to find the number of CDs in each group?,0,A,240 ÷ 12,240 – 12,240 + 12,240 × 12
elementary_mathematics,A salad dressing is made by combining 2 parts vinegar with 5 parts oil. How many ounces of oil should be mixed with 9 ounces of vinegar?,2,C,2,3.6,22.5,63
elementary_mathematics,What is 7% equal to?,1,B,0.007,0.07,0.7,7
elementary_mathematics,"Each time Rami turned the dial on a machine, the dial moved 1 degree. Rami turned the dial 10 times. What is the total number of degrees the dial moved?",0,A,10,90,110,360
elementary_mathematics,A group of hikers climbed from Salt Flats (elevation −55 feet)to Talon Bluff (elevation 620 feet). What is the difference in elevation between Talon Bluff and Salt Flats?,3,D,565 feet,575 feet,665 feet,675 feet
elementary_mathematics,"A teacher buys the folders listed below.
* 5 boxes of red folders with 36 folders in each box
* 6 boxes of blue folders with 32 folders in each box
Which number is closest to the total number of red and blue folders that the teacher buys?",1,B,275,380,440,550
elementary_mathematics,Evaluate −2(x − 3) for x = 2.,3,D,−4,−2,10,2
elementary_mathematics,Which ratios are equal to 4 : 32?,1,B,2 : 96; 2 : 16,12 : 96; 2 : 16,12 : 96; 12 : 16,2 : 96; 12 : 16
elementary_mathematics,Which pair of ratios can form a proportion?,3,D,2 over 5 and 8 over 10,2 over 5 and 10 over 15,2 over 5 and 4 over 25,2 over 5 and 6 over 15
elementary_mathematics,Use mental math to find the sum of 11.7 + 3.4 + 6.3.,2,C,20.3,20.4,21.4,22.4
elementary_mathematics,A post office delivered eighteen thousand ninety-six pieces of mail in a week. What is this number of pieces of mail written in expanded form?,2,C,"18 + 1,000 + 90 + 6","18 + 1,000 + 900 + 60","10,000 + 8,000 + 90 + 6","10,000 + 8,000 + 900 + 60"
elementary_mathematics,Identify a solution for the equation 5x − 5 = −10 from the given numbers.,0,A,−1,−6,−4,−3
elementary_mathematics,"A tank is in the shape of a triangular prism. If the triangular base has an area of 116 square feet, and the tank is 30 feet tall, how much water would the tank contain when it is full?",2,C,1725 ft^3,1740 ft^3,3480 ft^3,6960 ft^3
elementary_mathematics,8 + 8 ÷ 2 + 2 =,3,D,4,8,10,14
elementary_mathematics,Solve the equation −17.02 = −2.3y. Check your answer.,0,A,7.4,−7.4,−19.32,14.72
elementary_mathematics,Find the exact answer: 365 + 56,1,B,300,309,311,421
elementary_mathematics,"The volume, V, of any cube with a side length, s, can be determined using the formula V = s^3. What is the volume, in cubic centimeters, of a cube with a side length of 2.3 centimeters?",3,D,5.29,6.9,8.027,12.167
elementary_mathematics,Connor is measuring the capacity of a jar. Which unit of measure can he use?,1,B,Centimeter,Cup,Gram,Pound
elementary_mathematics,Solve the equation −6x = −36. Check your answer.,1,B,1 over 6,6,1 over 216,216
elementary_mathematics,"Umi created the number pattern that follows by adding the same amount each time to get the next number. 20, 40, 60, 80, ... What will be the eighth number in the pattern?",0,A,160,240,320,640
elementary_mathematics,Identify a solution for the equation x + 2.7 = 8.4 from the given numbers.,1,B,11.1,5.7,3.7,22.68
elementary_mathematics,"At the beginning of a class period, half of the students in a class go to the library. Later in the period, half of the remaining students go to the computer lab. If there are 8 students remaining in the class, how many students were originally in the class?",3,D,12 students,16 students,24 students,32 students
elementary_mathematics,"Which of the following numbers is between 2,329,500 and 2,598,100?",1,B,"2,249,550","2,589,200","2,329,333","2,327,900"
elementary_mathematics,"Of the cans of soup in Rolando’s cupboard, 1/2 are tomato and 2/5 are chicken noodle. What fraction of the cans of soup in Rolando’s cupboard are either tomato or chicken noodle?",3,D,7-Mar,5-Mar,10-Jul,10-Sep
elementary_mathematics,What is three fifth of 100?,3,D,3,5,20,60
professional_law,"A plaintiff sued a defendant for leg injuries stemming from a collision between their cars at an intersection. Each party was driving his own car, and the plaintiff alleged that the defendant had sped through a red light and collided with the plaintiff's car. The defendant denied this allegation. During the trial, the plaintiff testified that he and the defendant had conferred after the accident and that the defendant had said, ""Don't worry about anything; I'll see to it that your doctor's bills are paid. "" The defendant's attorney immediately objected. The trial judge should rule this testimony",3,D,"admissible, because the defendant admitted his negligence.","admissible, because it is a declaration against interest.","inadmissible, because the prejudice in admitting the testimony outweighs its probative value.","inadmissible, because an offer to pay medical bills is not admissible to prove negligence."
professional_law,"A state law provides for an award of damages against anyone who publishes the name of a rape victim. Pursuant to that law, a woman sued a local newspaper in state court after the newspaper identified her as a rape victim. The state trial and appellate courts rejected the claim, holding that the state law was invalid under both the state constitution and the First Amendment of the U.S. Constitution. The state supreme court affirmed, holding specifically: ""We think that this well-intentioned law very likely violates the First Amendment of the federal Constitution. We need not, however, decide that issue, because the law assuredly violates our state constitution, which provides even greater protection to the right of the press to report the news."" The woman petitioned for review in the U.S. Supreme Court. Is the U.S. Supreme Court likely to review the state supreme court judgment?",1,B,"No, because the First Amendment prohibits the imposition of liability for the publication of truthful information.","No, because the judgment of the state supreme court rests upon an adequate and independent state-law ground.","Yes, because the supremacy clause does not permit a state to create rights greater than those conferred by the federal Constitution.","Yes, because the U.S. Supreme Court's appellate jurisdiction extends to cases arising under federal law."
professional_law,"A certified airline pilot owned a single-engine Cessna plane. One afternoon, the pilot invited his girlfriend, to go flying with him. The girlfriend, who was scared of flying, reluctantly agreed. During the flight, the pilot decided to play a practical joke and shut off the plane's engine. When the plane went into a nosedive, the pilot said, ""Oh my God, we're going to crash. "" The girlfriend became panic- stricken and started screaming hysterically. A few seconds later, the pilot re-started the engine and said, ""Don't worry I was only joking. "" The plane landed safely and neither person was injured. If the girlfriend brings suit against the pilot for intentional infliction of emotional distress, she will probably",1,B,"recover, because a reasonable person would have been distressed by the pilot's actions.","recover, because the pilot's conduct was extreme and outrageous.","not recover, because the pilot intended his actions as a practical joke and, therefore, lacked sufficient intent for an intentional tort.","not recover, because the girlfriend did not suffer any physical injury."
professional_law,"A husband was about to leave his home for work one morning when his wife ran in from the kitchen explaining that their 4-year-old son had just swallowed some medicine that had been prescribed for use as a skin lotion. Dashing to the car, the husband then drove his wife and ailing son to the nearest hospital. On the way to the hospital, the son had a seizure and stopped breathing. Seconds later, the car went out of control despite the husband's reasonable efforts, swinging across the center line into oncoming traffic, where it collided wit. I1 a car driven by a driver who was driving in the opposite direction. In this jurisdiction, a statute makes it a misdemeanor for any motor vehicle to travel to the left of the center line of any two-way highway, road, or street. If the driver asserts a claim against the husband, the most likely result is that the plaintiff will",3,D,"prevail, because the husband is strictly liable for violating the statute.","prevail, because the statute was designed to protect motorists such as the driver.","not prevail, because the driver had the last clear chance to avoid the accident.","not prevail, because the husband was acting reasonably in an emergency."
professional_law,"One morning in a Laundromat, a defendant approached a man and said, ""If you don't pay me $500 by July 2, I'll beat you to a pulp. "" A week later, on July 2, the defendant met the man at a local bar and demanded the money. The man handed the defendant the $500. After receiving the money, the defendant then punched the man in the stomach and hurriedly left the bar. Under modem statutory law, the defendant will most likely be found guilty of which of the following crimes?",0,A,Extortion and battery.,Extortion and robbery.,Assault and battery.,Assault and robbery.
professional_law,"On December 30, a restaurant entered into a written contract with a bakery to supply the restaurant with all of its bread needs for the next calendar year. The contract contained a provision wherein the restaurant promised to purchase ""a minimum of 100 loaves per month at $1 per loaf. "" On a separate sheet, there was a note stating that any modifications must be in writing. The parties signed each sheet. Both sides performed fully under the contract for the first four months. On May 1, the president of the bakery telephoned the manager of the restaurant and told him that, because of an increase in the cost of wheat, the bakery would be forced to raise its prices to $1. 20 per loaf. The manager said he understood and agreed to the price increase. The bakery then shipped 100 loaves (the amount ordered by the restaurant) to the restaurant, along with a bill for $120. The restaurant sent the bakery a check for$100 and refused to pay any more. Is the restaurant obligated to pay the additional $20?",3,D,"Yes, because the May 1 modification was enforceable even though it was not supported by new consideration.","Yes, because the bakery detrimentally relied on the modification by making the May shipment to the restaurant.","No, because there was no consideration to support the modification.","No, because the modifying contract was not in writing; it was, therefore, unenforceable under the UCC."
professional_law,"A landlord was the owner of a vacant warehouse. On May 1, the landlord leased the warehouse to the tenant for a term of five years with a renewable option. The leasehold agreement provided in part:""The tenant hereby acknowledges that certain areas of the leased premises are in a state of disrepair and unsafe for the conduct of business. Nonetheless, the tenant agrees to assume full responsibility for the necessary repairs. Furthermore, the tenant agrees to indemnify the landlord for any loss resulting from the condition of the said premises. ""Under the terms of the lease, the landlord delivered possession of the warehouse to the tenant on May 2. On that date, an employee of the tenant was working in the warehouse. He was moving some equipment into the warehouse when a section of the ceiling collapsed and fell on him. At the time the landlord and the tenant entered into their lease, only the landlord was aware that the ceiling was defective and needed to be repaired. Although the landlord could have remedied the defect before delivering possession to the tenant, the landlord didn't perform any repair work on the ceiling. The employee initiated suit against the landlord to recover damages resulting from his injury. There are no applicable statutes. If the employee prevails it will be because a",1,B,landowner is strictly liable for injuries occurring on his property.,landowner's duty of care to third parties cannot be shifted to a tenant by the tenns of a lease.,tenant cannot waive the implied warranty of commercial habitability.,covenant to indemnify by a tenant in favor of a land owner is against public policy.
professional_law,"A man and a woman were partners in an automobile leasing agency. For some time, the man had been embezzling money from the agency. The woman became suspicious and told the man that she wanted to engage an accounting firm to audit the agency's books. In a panic to prevent the audit and avoid being discovered, the man decided to have the woman killed. He contacted a professional killer and hired him to kill the woman for $10,000. A short time later, the woman died in a car crash arranged by the killer. In addition to embezzlement, of what crime or crimes may the man properly be convicted?",1,B,Conspiracy and murder.,Murder.,Solicitation and conspiracy.,"Solicitation, conspiracy, and murder."
professional_law,"Two men held-up a liquor store in a city. During the robbery, one of the participants shot and killed the owner of the store. Over a year later, police detectives arrested a defendant after obtaining reliable information that the defendant was the robber who was responsible for killing the store's owner. Afterward, the defendant was taken to the station house where he was booked for the crime and then incarcerated. The next day, the prosecuting attorney made a decision to delay indictment until he could discover the identity of the defendant's accomplice. The defendant was then released from police custody. In this jurisdiction the statute of limitations for murder is five years. Five months later, the prosecuting attorney, after unsuccessfully attempting to secure information on the defendant's cohort, indicted the defendant, charging him with felony murder. Shortly before trial, the only eyewitness to the crime died. He would have testified that the defendant did not participate in the robbery. The defendant's motion to dismiss the indictment because of the delay between the date of the crime and the date of the indictment will most probably be",3,D,"granted, because the prosecutor is constitutionally required to press charges, if at all, within a reasonable time after probable cause is established.","granted, because the delay in prosecuting the defendant actually prejudiced him.","denied, because pre-indictment delay does not violate the Constitution, as long as it does not exceed an applicable statute of limitations.","denied, because the delay was not excessive and was for a permissible purpose."
professional_law,A defendant offers into evidence his computer business records to show his good faith monitoring of the accounts in his business. The defendant testifies that he kept the records on a regular business basis  but did not explain the records in any other way. The government objected to the records as being hearsay and not authenticated. What will the court decide regarding the admissibility of the computer business records?,1,B,The court will allow the records because they were kept in the ordinary course of business.,The court will require a greater foundation to establish the reliability of the records.,"The court will dismiss the hearsay objection because the defendant, who is the declarant, is available in court.",The court will allow the records because they are the product of a reliable computer process of data collection.
professional_law,"A woman owned land in fee simple absolute. The woman conveyed the land to a friend ""for life,"" and when the friend died the land was to go to the woman's neighbor ""and her heirs."" The neighbor died and in her duly probated will devised her entire estate to a local charity. If she had died intestate, her daughter would have been her only heir. One year after the neighbor died, her daughter executed a quitclaim deed conveying any interest she might have in the land to the woman's friend. The common law Rule Against Perpetuities is unmodified in the jurisdiction. There are no other applicable statutes. Who has what interest in the land?",1,B,"The friend has a fee simple absolute, because his life estate merged with the remainder conveyed to him by the daughter.","The friend has a life estate and the charity has a vested remainder, because the neighbor's interest was devisable.","The friend has a life estate and the daughter has a vested remainder, because the deed from the woman created an interest in the neighbor's heirs.","The friend has a life estate and the woman has a reversion, because the neighbor's remainder was void under the Rule Against Perpetuities."
professional_law,"A state election code provides that any political organization whose candidate received 20% or more of the vote at the most recent gubernatorial or presidential election is a political party; other political organizations are construed as political bodies. Political parties conduct primaries, and the winning candidates in each office may have their names placed on the ballot. However, nominees of political bodies or any independent candidate may only have their names placed on the ballot if they file a nominating petition signed by not less than 7% of those eligible to vote at the last election for the offices that they are seeking. The time for circulating the petition is 180 days, which is also the deadline governing party candidates in party primaries. An independent candidate, who desires to be listed on the ballot for the office of governor, challenges the constitutionality of this election law. The court will most likely declare this statute",3,D,"unconstitutional, because it is a violation of the First and Fourteenth Amendments' rights of free speech.","unconstitutional, because it is a violation of the Fourteenth Amendment's due process clause.","unconstitutional, because it violates the Fifteenth Amendment's voting provisions.","constitutional, because the election code is nonviolative of the equal protection clause."
professional_law,"Late one evening a man was driving home from his job as a security guard at a jewefry store. As the man approached a railroad crossing he noticed that the barriers to the crossing were open. The man cautiously looked both ways for any train. Assuming that no train was coming, he proceeded across the railroad tracks. Suddenly, an oncoming train struck the man's car, completely demolishing it. The man was dead on arrival at the local hospital. Unknown to the man, the railroad crossing guard, in a drunken stupor, had fallen asleep at the barrier controls. He failed to see or hear the signals from the oncoming train that struck and killed the man. The railroad company was well aware of the crossing guard's alcoholism, but continued to employ him. However, two weeks after the accident occurred, the railroad company fired the crossing guard. The executor of the man's estate institutes a wrongful death action against the railroad company. During the trial, the attorney for the man's estate offered into proof the fact that the defendant railroad company dismissed the crossing guard shortly after the accident. Upon objection by the railroad company's attorney, the court should",3,D,"overrule the objection, as the employee's dismissal was an admission that the railroad company was aware of the crossing guard's chronic alcoholism.","overrule the objection, as an adoptive admission by conduct.","sustain the objection, because the probative value of the evidence would be outweighed by its prejudicial effect.","sustain the objection, as evidence of subsequent remedial repairs is inadmissible."
professional_law,"A vehicle operator was driving on a highway at night. His girlfriend was in the passenger seat. They were returning from a college night class. She was smoking marijuana, blowing it out the open window, and not sharing it with the driver. The driver fell asleep, causing the car to veer off the highway and go into a ditch where it landed upside-down. Both the driver and passenger were seriously injured. She sued the operator for negligence. The operator filed a counterclaim asking for damages against the passenger by arguing that the passenger was herself negligent by ""smoking weed"" and causing him to fall asleep. Is the court likely to grant the passenger's motion to dismiss the counterclaim?",0,A,"Yes, because the passenger was not actively participating in a joint enterprise and did not do enough to contribute to the cause of the accident.","Yes, because a vehicle operator is always liable and a passenger cannot be made liable for the driver's actions under any circumstances.","No, because the driver has properly alleged a joint enterprise situation where the passenger is liable for her share of the negligence in causing the accident.","No, because the passenger was breaking the law, making her negligent per se."
professional_law,"A defendant and his friend were walking down the street when they ran into a victim. The friend turned to the defendant and said that the victim owed him some money. The friend then stopped the victim and demanded the money. The victim refused to pay the money. The friend suddenly said to the defendant, ""Give me your gun. I'm going to blow this lowlife away. "" The defendant gave his friend his gun, and the friend shot the victim to death. As the friend and the defendant were about to leave, the defendant turned to his friend and said, ""Let me have my gun back. I think the creep's still alive. "" The defendant then fired two more shots into the victim's body. Unknown to the defendant, the victim was already dead. Which of the following is the most serious crime that the defendant can be convicted of?",1,B,Attempted murder.,Murder.,Assault with a deadly weapon.,Concealment of a deadly weapon.
professional_law,"A law student was accepted by a law school for the fall term. Several generations of the law student's family had attended this prestigious law school. One week before the start of the fall term, at a party to celebrate the law student's acceptance to the school, his father announced to the law student, in the presence of the partygoers, ""Son, it's your obligation to uphold the family tradition for excellence at the school. In this regard, if you promise to study a minimum of five hours a day, I shall pay you $1,000 for each A' you achieve during your first year; $2,500 for each A' you achieve during your second year; and $5,000 for each A' you achieve during your third year. ""The most accurate statement concerning the father's promise to reward the law student for achieving ""A's"" would be that",2,C,"the promise constituted an unenforceable, conditional gift.","the promise would not be legally binding, since it was non-detrimental.",the promise would be enforceable if a bargained-for exchange was so intended.,the promise constituted a voidable proposal.
professional_law,"A driver was having trouble finding a place to park his car near a store at which he needed to make a quick stop to purchase something. He decided to just park along the road next to the store, even though there was not really a lane or space there intended for parking. The driver pulled his car as far off the roadway as he could and figured that it would be fine because he would only be in the store for a few minutes. While the driver was in the store, a car driven by a woman approached the spot where the driver had left his car. When the woman saw the driver's car and realized it was partially obstructing the road, she tried to avoid hitting it but crashed into it. The accident caused $5,000 worth of damage to the driver's car and $1,000 worth of damage to the woman's car. Assume that the jurisdiction follows traditional contributory negligence rules and that the woman had the last clear chance to avoid the collision. How much, if anything, could the driver recover in a lawsuit against the woman for negligence?",0,A,"$5,000, or the full amount of damages to his car.","$4,000, or the full amount of his damages, minus the woman's damages.","$2,500, or half of his damages.","Nothing, because the driver was contributorily negligent for parking his car so that part of it stuck out into the street."
professional_law,"A partnership conveyed a general warranty deed representing a vacant parcel of land to the purchaser. In the deed, the grantee and her assigns were required by covenant to share proportionately in the paving of a road that abutted the property. The grantee conveyed the property to a married couple by special warranty deed that did not contain any of the conditions of the covenant regarding paving the new road. The buyers did not have an attorney and did not do a title search. When the road was completed, the married couple buyers refused to pay the share that was demanded of them. The original sellers of the parcel sued the couple in an equity claim without a jury. The judge ruled that the couple had to pay their share of the paving. On appeal, will the appellate court affirm the trial judge's order?",0,A,"Yes, this is a covenant running with the land because it was intended to apply to the first purchaser's heirs and ""assigns"".","Yes, because a landowner is in any event responsible for her share of improvements to any abutting private roads.","No, because the general warranty of the original sellers did not apply beyond the first purchaser.","No, because the paving requirement had to be placed in the deed to the married couple and it was not."
professional_law,"A pregnant woman was sitting on her front porch watching her husband mow the lawn. A friend of the woman had known the woman for years and knew that she was an easily excitable person. The friend also hated the woman's husband. Knowing that the woman was present, the friend drew a pistol and threatened to kill the husband. The woman suffered severe emotional distress as a result of witnessing this incident and soon afterward had a miscarriage. In an action by the woman against the friend for mental anguish resulting in her miscarriage, the woman will",2,C,"lose, because the friend did not intend for the woman to suffer a miscarriage.","lose, because the friend's actions were directed against the husband, not the woman.","win, because it was highly probable that the friend's extreme and outrageous conduct would cause emotional distress to the woman.","win, because she is the husband's wife."
professional_law,"A young boy was one of the players on a little league baseball team. The boy's father hated the coach because he rarely gave his son any playing time. The boy was mostly a benchwarmer who played only an inning or two during the game. One night, the father hid behind some shrubbery in front of the coach's home. Armed with a baseball bat, the father intended to break the coach's kneecaps when he came home from work. A man, who resembled the coach, was walking down the street. The father mistakenly believed that this man was the coach. The father jumped out of the bushes and hit the man in the kneecaps with the baseball bat. The man, who was a hemophiliac, died as a result of the injuries suffered in the beating. The father is",3,D,guilty of attempted murder of the coach and the murder of the man.,guilty of attempted murder of both the coach and the man.,guilty of attempted manslaughter of the coach and murder of the man.,guilty of attempted battery of the coach and murder of the man.
professional_law,"A police department filed a complaint charging Bill with the sale of narcotic drugs in violation of a state statute and obtained a valid warrant for his arrest. Two police officers went to Bill's house, a two-story colonial. After knocking at the door, they were admitted by Bill's brother, Mark. One of the policemen showed Mark the arrest warrant and asked if he was Bill. He replied that he was Bill's brother and that he was staying at his brother's house while Bill was away on a business trip. The police officer then asked Mark for some identification. Mark was only able to produce an out-of-state driver's license. The other policeman then became suspicious and proceeded to frisk Mark. During the pat-down, the police officer found the following letter, which read:""Dear Mark,If you could get rid of your brother permanently, we could be together forever. With love,your favorite girl. ""Nervously, Mark then agreed to allow the policemen to search the house. The officers conducted an extensive two-hour search of the house and found nothing of interest to them. As they were leaving, one of the police officers walked over to a parked car in the driveway of the house and noticed that the car's trunk was slightly open. When he looked in the trunk, the police officer discovered Bill's body. If Mark's attorney files a motion to suppress the introduction of the letter into evidence, the court should rule that the evidence is",3,D,"admissible, because it was on the person, or in the presence of the person, who was later arrested.","admissible, because it was obtained pursuant to a valid search.","inadmissible, because the letter was obtained as a result of a non-consensual search and seizure.","inadmissible, because the letter was the fruit of an illegal search and seizure."
professional_law,"Congress has recently enacted a statute legalizing marijuana. The law, signed by the President, imposes a tax of $1 on each pack of marijuana cigarettes sold in the United States. In an inseverable portion of that same law, the entire proceeds of the tax are appropriated on a continuing basis for direct payments to an art museum. The public museum is dedicated to the collection of pictures, artifacts, weapons, and other historical memorabilia of past wars. Which of the following most clearly has standing to attack the constitutionality of this appropriation of the tax monies to the art museum?",2,C,"A state, other than the one in which the museum is located, in which several other public museums are located that are not subsidized by this law.",A nonprofit organization of war veterans that claims it can demonstrate a greater need for the funds than can the museum.,A purchaser of marijuana cigarettes who is required to pay the tax.,An association of medical doctors that alleges that the legalization of marijuana will result in a public health hazard.
professional_law,"In a suit between a plaintiff and a defendant arising out of an automobile accident, a bystander wascalled to the stand to testify that the defendant had driven through a red traffic light immediately before the collision. On cross-examination by the defense, the bystander admitted to having made a prior statement to a friend that he was not sure if the traffic signal was yellow or red when the defendant drove through the intersection. The trial judge should",3,D,permit the jury to consider the prior statement as substantive evidence.,permit the defendant to call other witnesses to confirm the fact that the prior statement had been made.,"on request by the defendant, instruct the jury that the bystander's testimony that the defendant had driven through the red light bedisregarded.","on request by the plaintiff, instruct the jury that the prior statement may be used only toimpeach the bystander's credibility, and not as substantive evidence."
professional_law,"A couple were married, and four months later, they wished to obtain a divorce. However, the state in which they were married prohibits a couple from obtaining a divorce until they have resided in the state for at least 12 months. In an action by the couple challenging the constitutionality of the residency requirement of the state divorce law, the court will most likely declare the provision",0,A,"constitutional, because the requirement promotes a compelling state interest.","constitutional, because it is within the area of state action.","unconstitutional, because it constitutes a violation of the equal protection clause.","unconstitutional, because it constitutes a violation of the privileges and immunities clause of Article IV, Section 2."
professional_law,"A person who was traveling checked into a hotel for the night. While he was watching television in his hotel room, a thief picked the lock on the hotel room door, entered, hit the traveler over the head, and stole his wallet. The traveler, who suffered a concussion, was hospitalized for three days. The lock on the hotel room door fully complied with a local ordinance that prescribed minimum security standards for hotel locks. If the injured traveler asserts a claim against the hotel for damages for his injury and loss of his wallet, the traveler will",3,D,"prevail, if the lock was defectively designed.","prevail, because he was a business visitor on the hotel's property.","not prevail, because the thief's act was an intervening cause.","not prevail, if the hotel used reasonable care in selecting the lock."
professional_law,"A woman was sailing in a bay when she was struck by a motorboat. The woman, who was seriously injured in the accident, sued the motorboat operator in a personal injury action. During the course of the lawsuit, an important question of consequence was the wind speed on the afternoon the woman was sailing. At trial, the woman calls an orthopedic surgeon to testi1'. The surgeon, who is an amateur boating enthusiast, testified that he was navigating his sailboat into the bay when the motorboat hit the woman. Furthermore, the surgeon testified that in the cockpit of his boat he maintains a sophisticated electronic weathering device that measures wind speed, temperature, and barometric pressure at periodic intervals. The woman then offers into evidence the computer printout from the surgeon's weathering device measuring the wind speed at the time of the accident. Upon objection by the motorboat operator, the printout is",3,D,admissible as past recollection recorded.,admissible as the record of regularly conducted activity.,inadmissible as hearsay not within any recognized exception.,"inadmissible, unless there is foundation testimony as to the accuracy and good working condition of the surgeon's electronic weathering device on the afternoon in question."
professional_law,"An owner operated a successful retail business. He decided he wanted to retire and listed his business for sale. A buyer saw the listing and visited the retail business. The buyer told the owner that she was very interested in buying the business, but that she needed to get a loan from the bank to finance the purchase. The parties drafted a contract, signed by both parties, which stated that the buyer agreed to purchase the retail business from the owner for $250,000. The written agreement contained a provision wherein the sale would not take effect ""unless the buyer is successful in her bid to obtain a loan from a bank to finance the purchase of the business. "" Subsequently, the buyer made no effort to attempt to obtain a loan from a bank so that the sale could be finalized. After several months, the owner filed suit against the buyer for breach of contract. Which of the following will be the owner's strongest argument in support of his action against the buyer for breach of contract?",3,D,"The obtaining of a loan from a bank was not worded as a ""condition"" to the buyer's duty to buy the business.","Although obtaining a loan from a bank was a condition to the buyer's duty to buy the business, the condition should be excused because its non-occurrence would cause a forfeiture to the owner.","Although obtaining a loan from a bank was a condition to the buyer's duty to buy the business, it should be stricken from the contract because it is an unconscionable term.",The buyer breached an implied promise to make a reasonable effort to obtain a loan from a bank.
professional_law,"A defendant is on trial for robbing a particular bank with his best friend. The friend has left the country and cannot be found. The prosecutor has called the friend's mother to testify to a conversation she had with her son the day before he left the country. She implored him not to go, but he said, ""Mom, I have to go. I was involved in a robbery at [the bank], and I don't want them to catch me."" The prosecutor has other evidence indicating that the defendant and the friend were together on the morning of the robbery. Is the statement by the friend to his mother admissible?",2,C,"No, because inculpatory statements against penal interest do not satisfy the confrontation clause.","No, because the friend's statement to his mother was not corroborated.","Yes, as a statement against penal interest that is not testimonial under the confrontation clause.","Yes, as a statement of the friend's state of mind that is not testimonial under the confrontation clause."
professional_law,"Believing she was pregnant, a woman went to see a doctor, a licensed gynecologist, because she wanted an abortion. The doctor examined her and determined that she was not pregnant, but decided that he would tell her she was, in order to earn his $500 fee. After receiving the $500, the doctor proceeded to have the woman admitted to a hospital by falsely informing the hospital authorities that she had a benign tumor on her uterus, which he was going to remove. He performed all the surgical procedures appropriate for an abortion under adequate hygienic conditions, but the woman began hemorrhaging and died. The doctor should be found guilty of",1,B,murder and larceny by trick.,manslaughter and false pretenses.,battery and larceny by trick.,"murder, battery, and false pretenses."
professional_law,"A defendant and a victim were roommates at college. The defendant was playing the role of a serial killer in the school play and asked the victim if she could leave their apartment for a few hours while she rehearsed. The victim agreed but returned to the apartment shortly thereafter because she was curious and wanted to see the defendant rehearse. The victim quietly came back into the apartment and hid behind some curtains in the dining room in order to watch the defendant rehearse. In her role, the defendant earned a large butcher's knife, with which she stabbed the curtains at her ""victim. "" Unknown to the defendant, the victim, who was hiding behind the curtain, was stabbed in the chest and killed. If the defendant is prosecuted for the victim's death, she should be found",3,D,guilty of murder.,guilty of manslaughter.,guilty of battery.,not guilty.
professional_law,"Recently, Congress enacted a statute requiring all boat owners to register their boats with a newly created federal boat registry. Among the purposes of the statute are the prevention of theft of boats in coastal waters and the protection of the rights of individual boat owners throughout the United States. Congress enacted the statute despite the fact that all states require boat owners to register their craft with the state department of motor vehicles. In addition, there is uncontradicted evidence that most stolen boats are kept or resold in the state in which the theft occurred. Nonetheless, an increasing number of boats are transported to other states and other countries for resale. Is the statute likely to be held constitutional?",2,C,"No, because most stolen boats remain within the state in which they were stolen.","No, because the registration of boats is a matter reserved to the states by the Tenth Amendment.","Yes, because Congress could determine that the transportation of stolen boats affects interstate commerce.","Yes, because Congress has the power to regulate property for the general welfare."
professional_law,"A man is the owner of record of a parcel of land designated as ""A. "" It is the highest of three neighboring properties on a mountain. The man's friend is the owner of parcel ""B,"" which is situated lower than ""A"" on the mountainside. The man's cousin owns parcel ""C,"" which lies below parcels ""A"" and ""B"" on the mountain slope. In 2000, the man who originally owned all three parcels of land constructed a private drainage system. This system consisted of an underground pipeline that extended across all three parcels of land. Sewage from parcel ""A"" drained through the system to a municipal sewer, which was located at the bottom of the mountain. In 2005, the man sold parcel ""B"" to his friend. The following year, the cousin purchased parcel ""C"" from the man. The deeds to the friend and the cousin did not contain any mention of the man's drainage system. Located on each of the parcels are large ranch-style homes occupied by the respective owners. From the standpoint of the friend and the cousin, thedrainage system would most likely be defined as a(an)",1,B,easement appurtenant.,easement by implication.,prescriptive easement.,express easement.
professional_law,"An owner and operator of a restaurant contracted in writing with a produce distributor to buy 50 pounds of heirloom tomatoes. At the time the contract was signed, the owner orally said to the distributor, ""We do have an understanding that our chef must approve the quality of the heirloom tomatoes before I will pay you. "" The distributor acknowledged the owner's request and responded, ""If you say so. ""Thereafter, the distributor delivered the heirloom tomatoes to the owner. After inspecting the tomatoes, the chef refused to give his approval, because he felt that the tomatoes were not of sufficient quality. As a result, the owner refused to accept and pay for the tomatoes. The distributor brought a breach of contract action against the owner because he refused to pay for the tomatoes. How should the court rule on the owner's offer to prove, over the distributor's objection, that the chef refused to approve the tomatoes that were delivered?",1,B,The evidence is admissible to show frustration of purpose.,The evidence is admissible to show that the written agreement was subject to an oral condition precedent.,"The evidence is barred, because the written contract appears to be a complete and total integration of the parties' agreement.","The evidence is barred, because the oral agreement is within the statute of frauds."
professional_law,"On September 1, a buyer contracted to purchase10,000 widgets from a seller for $1 per widget, delivery to be made no later than September 30. On September 15, a worldwide shortage of widgets caused a steep increase in the market price for widgets, so the seller decided not to deliver the widgets to the buyer. The seller sent a letter to the buyer, stating that the widgets would not be delivered. The buyer received the seller's letter on September 20. On October 15, the buyer filed suit against the seller for breach of contract. In determining the damages to which the buyer is entitled, which of the following would be taken as the market price of widgets?",2,C,The market price on September 1.,The market price on September 15.,The market price on September 20.,The market price on September 30.
professional_law,"Ann owns a tract of land. On August 1,2005, Ann sells to Hunter and Willa, a husband and wife, an undivided one-half interest in this land for $100,000 (the entire consideration being paid by Hunter). The deed to Hunter and Willa reads as follows: ""To Hunger and Willa and their heirs as tenants by the entirety, and not as joint tenants, and not as tenants in common. ""On August 1, 2006, Ann sells her remaining interest in the tract of land to Hunter and Brandon, his brother, for $125,000 (Hunter pays $80,000 of the purchase price, and Brandon pays the balance). The deed to Hunter and Brandon provides: ""To Hunter and Brandon and their heirs as joint tenants and not as tenants in common. ""On August 1, 2007, Hunter, Willa, and Brandon die in a common disaster, and as a consequence, the order of their deaths cannot be established by proof. Hunter's will and Willa's will devise whatever interest in the land in question that is subject to disposition by their wills to their son. Thus, the son owns",3,D,an undivided one-third interest in the land.,an undivided one-quarter interest in the land.,an undivided one-half interest in the land.,an undivided three-quarters interest in the land.
professional_law,"An employee was hired under a written contract to work for an employer for five years at a monthly salary of $1,500. In addition, the employment contract provided that the employer would pay the employee an annual bonus ""to be determined by the employer within two weeks after the year's profits have been ascertained. ""At the end of the first year, the business showed a net profit of $50,000. Accordingly, the employer and the employee agreed that the employee should receive a bonus of $5,000. This amount was subsequently paid to the employee. At the end of the second year, the business realized a net profit of $10,000. Once the profit had been calculated, the employer telephoned the employee and offered him a second-year bonus of $1,000. The employee refused and demanded a bonus of $2,000. The employer refused the employee's demand and immediately terminated his employment. Following his dismissal, the employee brought suit for breach of contract against the employer. Which of the following is the most accurate statement?",3,D,The employee has a cause of action against the employer to recover a bonus for the second year in an amount to be determined by the court.,"The employer is excused for his obligation to pay a bonus, because of the unforeseen downtum in business during the second year.","The employee is not entitled to any recovery, because employment contracts are generally terminable at will.","The employee is not entitled to a bonus, but the employee can sue for loss of wages."
professional_law,"A man was driving while drunk. He was speeding down a center city street, veering from lane to lane, when he lost control of his car while going over a slick puddle of water. Without realizing it, he drove his car onto the sidewalk and killed two persons. What common law crime most appropriately fits the man's situation?",2,C,Felony murder in that he killed someone while committing the felony of driving under the influence.,Voluntary manslaughter because it was an intentional killing done while acting recklessly or impulsively.,Involuntary manslaughter in that it was a killing committed while engaging in reckless activity but without the intent to kill.,First degree murder because the act of driving under the influence is legally presumed to involve premeditation and specific intent.
professional_law,"A defendant is arrested and charged with shoplifting. He claims that he intended to pay for the item he took and requests an attorney and a jury trial. Both requests are denied by the judge, and the defendant is found guilty. The maximum penalty for shoplifting is a $500 fine and six months in jail. The defendant is sentenced to three months in jail, which he is allowed to serve on weekends in the county detention center. The defendant claims that his constitutional rights have been violated. Is he correct?",1,B,"No, because his actual sentence was only three months.","Yes, because the defendant was denied the right to counsel.","Yes, because the defendant was denied the right to a jury trial.","Yes, because the defendant was denied both the right to counsel and the right to a jury trial."
professional_law,"On February 1, a homeowner entered into a contract with a famous landscape architect, to landscape her five-acre estate. The homeowner entered into the contract with the architect because she was pleased with the work he had done on her neighbor's gardens. The architect promised to complete the job before May 30, the date of the homeowner's annual garden party. On March 1, the homeowner left for a month's vacation. Unknown to her, the architect, because of previous commitments, assigned the contract to a gardener. After the gardener had completed 60 percent of the work, the homeowner returned and was displeased with the landscaping already completed. The homeowner contacted the architect, who informed her of the assignment to the gardener and told her that he was no longer obligated under their original contract. Disgruntled, the homeowner fired the gardener. If the homeowner asserts a claim against the architect based on breach of contract, the fact that the architect assigned the contract to the gardener will",2,C,"relieve the architect of liability, because the contract was assignable.","relieve the architect of liability, because the gardener's work was the cause of the homeowner s dissatisfaction.","not relieve the architect of liability, because a personal service contract of this nature is non- delegable.","not relieve the architect of liability, unless there was an express contractual provision against assignments."
professional_law,"A wealthy woman often wore expensive jewelry while walking her dog in the park. Her friends warned her against wearing such valuable jewelry because they feared she would be an easy target for muggers. In order to persuade the woman not to wear her expensive jewelry in the park, her friend decided to play a practical joke. One morning, the friend dressed like a man and hid in an area of the park that she knew the woman customarily walked through. As the woman was strolling through the park with her dog that morning, the friend jumped out from behind the bush brandishing a toy pistol and grabbed the woman's diamond necklace from her neck. Startled, the woman became hysterical and began to plead for her life. The friend then removed her male garb, handed the necklace back to the woman and said, ""I just wanted to frighten you to teach you a lesson. ""If the friend is subsequently prosecuted, she should be found guilty of which, if any, of the following crimes?",0,A,Battery.,Assault.,Robbery.,No crime.
professional_law,"A popular singer expressed interest in performing in a theater producer's musical production. The producer and the singer agreed that there would be no enforceable contractual obligations between them until they had entered into a final, signed contract. They then began negotiating the terms of the contract. While the parties were negotiating, the producer began to spend money on the production. When the parties were unable to agree on the terms of a the parties were unable to agree on the terms of a final contract, the producer made reasonable but unsuccessful efforts to hire another singer before abandoning the production. If the producer sues the singer, what will he likely recover?",3,D,Expectation damages in the form of the profits that the production would have made if it had been performed.,Reliance damages in the form of the actual expenses the producer incurred while negotiating with the singer.,Restitution for any harm done to the producer's reputation when the production was abandoned.,"Nothing, because it was not reasonable for the producer to expect to be reimbursed for expenses incurred when he knew that the singer was not obligated until there was a final, signed agreement."
professional_law,"Cooper is suing March for money damages. Because he believes portions of March's deposition are highly favorable to his case, Cooper's attorney intends to read parts of the deposition at trial instead of calling March to the stand. March objects to Cooper's use of the deposition at trial. What is the court's likely ruling?",0,A,"Cooper may use the deposition at trial, but, if requested, he must read all parts that in fairness ought to be considered with the part introduced.","Cooper may use the deposition at trial, but only to contradict or impeach March's prior inconsistent statements or pleadings.","Cooper may not use the deposition at trial, as March is able to testify and no exceptional circumstances exist.","Cooper may not use the deposition at trial, as this would make March his witness and immune to impeachment."
professional_law,"Under the Establishment Clause, if a government regulation or statute has no sect preference, it may then be deemed to be valid after it first passes an additional three-pronged test under traditional analysis. Please choose which of the following concepts will NOT help a statute or action to be free from establishment of religion suspicions.",2,C,It must have a nonspiritual legislative purpose.,The statute must not foster an excessive government entanglement with religion.,The statute must prohibit purely secular considerations.,The statute must have a primary effect that neither advances nor inhibits religion.
professional_law,"Two men agreed to burglarize a home. While they were planning the burglary, the two men learned that the home had a sophisticated alarm system that needed to be disarmed. One of the men told the other that he knew an alarm specialist who could help disarm the security system. One of the men then approached the alarm specialist and asked if he would assist them in disarming the home's alarm system. The alarm specialist said that he didn't want to participate in the crime but told the man how he could disarm the system himself. The two men thereafter went to the home to commit the burglary. When they arrived at the home, they saw a vicious guard dog patrolling the fenced-in area of the home. Deciding it would be too risky to confront the dog, the two men abandoned their planned burglary. Which of the following is the most accurate statement regarding the criminal liability of the two men and the alarm specialist?",1,B,The two men are guilty of conspiracy.,The two men and the alarm specialist are guilty of conspiracy.,The two men are guilty of conspiracy and the two men and the alarm specialist are guilty of attempted burglary.,The two men and the alarm specialist are guilty of both conspiracy and attempted burglary.
professional_law,"A pilot decided to fly his small airplane to another city for a weekend visit. He invited one of his best friends to join him as a passenger on the trip. Near the end of the flight, the pilot saw a cloud of fog ahead but decided that he could navigate through it. He got lost in the fog and crashed the plane into the side of a mountain. The pilot and his passenger were both killed instantly in the crash. If the passenger's family brings a wrongful death action against the pilot's estate, the most likely result is that the plaintiffs will",1,B,"recover under strict liability, because the pilot engaged in an abnormally dangerous activity.","recover under negligence, because the pilot failed to exercise reasonable care in the operation of his airplane.","not recover, because the passenger did not pay to go on the flight.","not recover, because the passenger unreasonably exposed himself to a known danger."
professional_law,"A riot broke out in a city, and many shops had been looted and some had been burned during the riots. Goods of all kinds were in piles or strewn about the sidewalk. During the riot, a defendant was walking along the street when he paused in front of an appliance store. He picked up a portable television set that was lying on the sidewalk and started to walk off quickly. A police officer who was standing in front of the shop rushed after the defendant and arrested him. The defendant, an indigent, was charged with grand larceny, a felony carrying the maximum penalty of seven months imprisonment and a S 1,000 fine. At his arraignment, the judge advised the defendant of his right to have counsel appointed for him. The defendant, however, told the judge that he wanted to represent himself and waive his right to a jury trial. The judge then questioned the defendant at length about his demands. The defendant indicated that he had no previous legal experience. He told the judge that the reason he didn't want a court-appointed attorney to represent him was because he didn't trust lawyers. The judge did not find the defendant's reasons for representing himself to be persuasive and appointed an attorney to represent him. Thereafter, an attorney was appointed by the court to represent the defendant. The attorney told the court that the defendant wanted a non-jury trial. However, at the prosecution's request, the court impaneled a jury. The defendant was subsequently convicted by the jury and sentenced to six months imprisonment. In addition, the defendant was ordered to reimburse the state $450 to cover the cost of his attorney. This reimbursement order was made pursuant to a relevant statute in effect at the time of the defendant's arrest. The defendant appeals both the conviction and the reimbursement order. The appellate court should",3,D,affirm both the conviction and the reimbursement order.,"affirm the conviction, but not the reimbursement order.","reverse the conviction because he was denied the right to a non-jury trial, but not the reimbursement order.",reverse both the conviction and the reimbursement order because the defendant was denied the right to represent himself.
professional_law,"A testator died and through his will gave his entire estate to charity, but the gift failed because the will was executed 10 days prior to the testator's death. A man then filed a claim against the estate, alleging that he was the son and heir of the testator. At the trial on the man's claim, the man was unable to produce any proof of a ceremonial marriage, but established the following by undisputed evidence: (a) that his mother and the testator had cohabited for a number of years; and (b) that his mother had predeceased the testator by one day. Assume that this jurisdiction has a relevant Dead Man's Statute in effect. At trial, the man's attorney called a clerk at a winter resort hotel. The clerk testified that the testator and the man's mother had come to the hotel for many years and he often saw the testator sign the hotel register as ""Mr. and Mrs. Testator. ""The trial court should rule the clerk's testimony",0,A,"admissible, because the clerk had personal knowledge of the matter.",admissible as a pedigree exception to the hearsay rule.,"inadmissible, because the clerk's testimony is not the best evidence.","inadmissible, under the Dead Man's Statute."
professional_law,"Susan Seller mailed a letter to Bobby Buyer after Bobby called her inquiring if her antique 1932 Ford Roadster was for sale. The letter stated, ""I want to sell my antique Ford Roadster for a price above $20,000. If you are interested please contact me."" Three days later Bobby sent a letter to Susan stating ""I agree to pay your asking price of $20,000 for the 1932 Ford Roadster."" The next day Susan sold the car to Harriet Higherprice for $25,000. If Bobby brings suit against Susan for breach of contract, the likely outcome is",1,B,"For Bobby, since her acceptance was timely under the mail box rule.","For Susan, because her letter to Bobby was not an offer.","For Susan, because the sale to Harriett was made before Susan was aware that Bobby had accepted.","For Bobby, because her communication met the full price which Susan was asking for the automobile."
professional_law,"An auto retailer started a marketing promotion on a new hybrid model sedan. It advertised that anyone who purchased the car in 2013 and did not get at least 50 miles per gallon average gas mileage during the first 60 days, would receive a payment of $10,000 cash from the company. Record-keeping and inspection procedures were required to assure accurate reporting by the vehicle owner. The promotion was widely publicized. A female customer purchased a hybrid model during the promotion period, followed all the rules, and recorded only 42 mpg in the first 60 days. She demanded the rebate but the company stalled for months and then stopped responding to her inquiries. Does she have a contractual right to collect the $10,000?",2,C,"Yes, because this is a classic bilateral contract, making it necessary that the company live up to its set of promises made to her.","No, this was merely puffing, was not an offer to contract with any particular person and was without consideration.","Yes, this was a unilateral contract in which the offeree acted upon the offer by performing the terms of the offer, thus creating a binding contract.","No, because she did not formally notify the company that she was accepting the offer before she started performing."
professional_law,"A bank loaned a company $1,500,000 for the manufacture of a widget control system. As a condition of the loan, a majority shareholder in the company agreed in writing to personally guarantee the loan. Thereafter, the company defaulted on the loan and entered into a repayment agreement with the bank. This agreement provided that the bank would ""use maximum efforts in selling the company's assets at the highest possible price. "" The bank proceeded to sell the company's assets, discharging the indebtedness of the widget company. Later, it was ascertained that the bank did not realize the ""highest possible price"" in administering the sale of the company's assets. Consequently, the shareholder was forced into bankruptcy and lost her entire investment in the company. The shareholder brings an appropriate action against the bank to recover her investment in the company. She will most likely",0,A,"not prevail, because the shareholder was an incidental beneficiary of the bank's sale of the company's assets.","not prevail, because the bank's sale of the company's assets discharged whatever contractual relationship existed between the shareholder and the bank.","prevail, because the bank did not realize the highest possible price from the sale of the cornpany's assets.","prevail, because the bank breached its fiduciary duty to the shareholder under the terms of the contract between the bank and the company."
machine_learning,Statement 1| Word2Vec parameters were not initialized using a Restricted Boltzman Machine. Statement 2| The tanh function is a nonlinear activation function.,0,A,"True, True","False, False","True, False","False, True"
machine_learning,Consider the Bayesian network given below. How many independent parameters are needed for this Bayesian Network H -> U <- P <- W?,2,C,2,4,8,16
machine_learning,The model obtained by applying linear regression on the identified subset of features may differ from the model obtained at the end of the process of identifying the subset during,2,C,Best-subset selection,Forward stepwise selection,Forward stage wise selection,All of the above
machine_learning,"After applying a regularization penalty in linear regression, you find that some of the coefficients of w are zeroed out. Which of the following penalties might have been used?",3,D,L0 norm,L1 norm,L2 norm,either (a) or (b)
machine_learning,"When doing least-squares regression with regularisation (assuming that the optimisation can be done exactly), increasing the value of the regularisation parameter λ the testing error.",0,A,will never decrease the training error.,will never increase the training error.,will never decrease the testing error.,will never increase
machine_learning,MLE estimates are often undesirable because,1,B,they are biased,they have high variance,they are not consistent estimators,None of the above
machine_learning,"Statement 1| PCA and Spectral Clustering (such as Andrew Ng’s) perform eigendecomposition on two different matrices. However, the size of these two matrices are the same. Statement 2| Since classification is a special case of regression, logistic regression is a special case of linear regression.",1,B,"True, True","False, False","True, False","False, True"
machine_learning,Statement 1| Overfitting is more likely when the set of training data is small. Statement 2| Overfitting is more likely when the hypothesis space is small.,3,D,"True, True","False, False","True, False","False, True"
machine_learning,Which one of the following is the main reason for pruning a Decision Tree?,3,D,To save computing time during testing,To save space for storing the Decision Tree,To make the training set error smaller,To avoid overfitting the training set
machine_learning,"Given two Boolean random variables, A and B, where P(A) = 1/2, P(B) = 1/3, and P(A | ¬B) = 1/4, what is P(A | B)?",3,D,1/6,1/4,3/4,1
machine_learning,"Statement 1| When learning an HMM for a fixed set of observations, assume we do not know the true number of hidden states (which is often the case), we can always increase the training data likelihood by permitting more hidden states. Statement 2| Collaborative filtering is often a useful model for modeling users' movie preference.",0,A,"True, True","False, False","True, False","False, True"
machine_learning,Which of the following is/are true regarding an SVM?,0,A,"For two dimensional data points, the separating hyperplane learnt by a linear SVM will be a straight line.","In theory, a Gaussian kernel SVM cannot model any complex separating hyperplane.","For every kernel function used in a SVM, one can obtain an equivalent closed form basis expansion.",Overfitting in an SVM is not a function of number of support vectors.
machine_learning,"Statement 1| Industrial-scale neural networks are normally trained on CPUs, not GPUs. Statement 2| The ResNet-50 model has over 1 billion parameters.",1,B,"True, True","False, False","True, False","False, True"
machine_learning,What are support vectors?,1,B,The examples farthest from the decision boundary.,The only examples necessary to compute f(x) in an SVM.,The data centroid.,All the examples that have a non-zero weight αk in a SVM.
machine_learning,Suppose you are given an EM algorithm that finds maximum likelihood estimates for a model with latent variables. You are asked to modify the algorithm so that it finds MAP estimates instead. Which step or steps do you need to modify?,1,B,Expectation,Maximization,No modification necessary,Both
machine_learning,Which is true about Batch Normalization?,1,B,"After applying batch normalization, the layer’s activations will follow a standard Gaussian distribution.",The bias parameter of affine layers becomes redundant if a batch normalization layer follows immediately afterward.,The standard weight initialization must be changed when using Batch Normalization.,Batch Normalization is equivalent to Layer Normalization for convolutional neural networks.
machine_learning,"Given a Neural Net with N input nodes, no hidden layers, one output node, with Entropy Loss and Sigmoid Activation Functions, which of the following algorithms (with the proper hyper-parameters and initialization) can be used to find the global optimum?",3,D,Stochastic Gradient Descent,Mini-Batch Gradient Descent,Batch Gradient Descent,All of the above
machine_learning,Which of the following best describes what discriminative approaches try to model? (w are the parameters in the model),0,A,"p(y|x, w)","p(y, x)","p(w|x, w)",None of the above
machine_learning,"Statement 1| In a Bayesian network, the inference results of the junction tree algorithm are the same as the inference results of variable elimination. Statement 2| If two random variable X and Y are conditionally independent given another random variable Z, then in the corresponding Bayesian network, the nodes for X and Y are d-separated given Z.",2,C,"True, True","False, False","True, False","False, True"
machine_learning,"For Kernel Regression, which one of these structural assumptions is the one that most affects the trade-off between underfitting and overfitting:",2,C,Whether kernel function is Gaussian versus triangular versus box-shaped,Whether we use Euclidian versus L1 versus L∞ metrics,The kernel width,The maximum height of the kernel function
machine_learning,Which of the following is false?,2,C,"The following fully connected network without activation functions is linear: $g_3(g_2(g_1(x)))$, where $g_i(x) = W_i x$ and $W_i$ are matrices.","Leaky ReLU $\max\{0.01x,x\}$ is convex.",A combination of ReLUs such as $ReLU(x) - ReLU(x-1)$ is convex.,The loss $\log \sigma(x)= -\log(1+e^{-x})$ is concave
machine_learning,Statement 1| Maximizing the likelihood of logistic regression model yields multiple local optimums. Statement 2| No classifier can do better than a naive Bayes classifier if the distribution of the data is known.,1,B,"True, True","False, False","True, False","False, True"
machine_learning,Which of the following is NOT supervised learning?,0,A,PCA,Decision Tree,Linear Regression,Naive Bayesian
machine_learning,"Statement 1| We learn a classifier f by boosting weak learners h. The functional form of f’s decision boundary is the same as h’s, but with different parameters. (e.g., if h was a linear classifier, then f is also a linear classifier). Statement 2| Cross validation can be used to select the number of iterations in boosting; this procedure may help reduce overfitting.",3,D,"True, True","False, False","True, False","False, True"
machine_learning,"Statement 1| For a continuous random variable x and its probability distribution function p(x), it holds that 0 ≤ p(x) ≤ 1 for all x. Statement 2| Decision tree is learned by minimizing information gain.",1,B,"True, True","False, False","True, False","False, True"
machine_learning,"For polynomial regression, which one of these structural assumptions is the one that most affects the trade-off between underfitting and overfitting:",0,A,The polynomial degree,Whether we learn the weights by matrix inversion or gradient descent,The assumed variance of the Gaussian noise,The use of a constant-term unit input
machine_learning,Statement 1| The set of all rectangles in the 2D plane (which includes non axisaligned rectangles) can shatter a set of 5 points. Statement 2| The VC-dimension of k-Nearest Neighbour classifier when k = 1 is infinite.,0,A,"True, True","False, False","True, False","False, True"
machine_learning,"Adding more basis functions in a linear model, pick the most probably option:",0,A,Decreases model bias,Decreases estimation bias,Decreases variance,Doesn’t affect bias and variance
machine_learning,High entropy means that the partitions in classification are,1,B,pure,not pure,useful,useless
machine_learning,Which of the following are the spatial clustering algorithms?,3,D,Partitioning based clustering,K-means clustering,Grid based clustering,All of the above
machine_learning,"A machine learning problem involves four attributes plus a class. The attributes have 3, 2, 2, and 2 possible values each. The class has 3 possible values. How many maximum possible different examples are there?",3,D,12,24,48,72
machine_learning,"Which PyTorch 1.8 command(s) produce $10\times 5$ Gaussian matrix with each entry i.i.d. sampled from $\mathcal{N}(\mu=5,\sigma^2=16)$ and a $10\times 10$ uniform matrix with each entry i.i.d. sampled from $U[-1,1)$?",2,C,"\texttt{5 + torch.randn(10,5) * 16} ; \texttt{torch.rand(10,10,low=-1,high=1)}","\texttt{5 + torch.randn(10,5) * 16} ; \texttt{(torch.rand(10,10) - 0.5) / 0.5}","\texttt{5 + torch.randn(10,5) * 4} ; \texttt{2 * torch.rand(10,10) - 1}","\texttt{torch.normal(torch.ones(10,5)*5,torch.ones(5,5)*16)} ; \texttt{2 * torch.rand(10,10) - 1}"
machine_learning,"Statement 1| The ReLU's gradient is zero for $x<0$, and the sigmoid gradient $\sigma(x)(1-\sigma(x))\le \frac{1}{4}$ for all $x$. Statement 2| The sigmoid has a continuous gradient and the ReLU has a discontinuous gradient.",0,A,"True, True","False, False","True, False","False, True"
machine_learning,Statement 1| The ID3 algorithm is guaranteed to find the optimal decision tree. Statement 2| Consider a continuous probability distribution with density f() that is nonzero everywhere. The probability of a value x is equal to f(x).,1,B,"True, True","False, False","True, False","False, True"
machine_learning,"You've just finished training a decision tree for spam classification, and it is getting abnormally bad performance on both your training and test sets. You know that your implementation has no bugs, so what could be causing the problem?",0,A,Your decision trees are too shallow.,You need to increase the learning rate.,You are overfitting.,None of the above.
machine_learning,"Statement 1| The BLEU metric uses precision, while the ROGUE metric uses recall. Statement 2| Hidden markov models were frequently used to model English sentences.",0,A,"True, True","False, False","True, False","False, True"
machine_learning,Which of the following can only be used when training data are linearly separable?,0,A,Linear hard-margin SVM.,Linear Logistic Regression.,Linear Soft margin SVM.,The centroid method.
machine_learning,Statement 1| ImageNet has images of various resolutions. Statement 2| Caltech-101 has more images than ImageNet.,2,C,"True, True","False, False","True, False","False, True"
machine_learning,Suppose we would like to perform clustering on spatial data such as the geometrical locations of houses. We wish to produce clusters of many different sizes and shapes. Which of the following methods is the most appropriate?,1,B,Decision Trees,Density-based clustering,Model-based clustering,K-means clustering
machine_learning,Statement 1| Linear regression estimator has the smallest variance among all unbiased estimators. Statement 2| The coefficients α assigned to the classifiers assembled by AdaBoost are always non-negative.,3,D,"True, True","False, False","True, False","False, True"
machine_learning,"Given a large dataset of medical records from patients suffering from heart disease, try to learn whether there might be different clusters of such patients for which we might tailor separate treatments. What kind of learning problem is this?",1,B,Supervised learning,Unsupervised learning,Both (a) and (b),Neither (a) nor (b)
machine_learning,Consider the Bayesian network given below. How many independent parameters would we need if we made no assumptions about independence or conditional independence H -> U <- P <- W?,3,D,3,4,7,15
machine_learning,Statement 1| The maximum margin decision boundaries that support vector machines construct have the lowest generalization error among all linear classifiers. Statement 2| Any decision boundary that we get from a generative model with classconditional Gaussian distributions could in principle be reproduced with an SVM and a polynomial kernel of degree less than or equal to three.,3,D,"True, True","False, False","True, False","False, True"
machine_learning,Existential risks posed by AI are most commonly associated with which of the following professors?,2,C,Nando de Frietas,Yann LeCun,Stuart Russell,Jitendra Malik
machine_learning,Statement 1| The softmax function is commonly used in mutliclass logistic regression. Statement 2| The temperature of a nonuniform softmax distribution affects its entropy.,0,A,"True, True","False, False","True, False","False, True"
machine_learning,"As the number of training examples goes to infinity, your model trained on that data will have:",0,A,Lower variance,Higher variance,Same variance,None of the above
machine_learning,"Suppose we like to calculate P(H|E, F) and we have no conditional independence information. Which of the following sets of numbers are sufficient for the calculation?",1,B,"P(E, F), P(H), P(E|H), P(F|H)","P(E, F), P(H), P(E, F|H)","P(H), P(E|H), P(F|H)","P(E, F), P(E|H), P(F|H)"
machine_learning,"We are training fully connected network with two hidden layers to predict housing prices. Inputs are $100$-dimensional, and have several features such as the number of square feet, the median family income, etc. The first hidden layer has $1000$ activations. The second hidden layer has $10$ activations. The output is a scalar representing the house price. Assuming a vanilla network with affine transformations and with no batch normalization and no learnable parameters in the activation function, how many parameters does this network have?",0,A,111021,110010,111110,110011
machine_learning,Neural networks:,2,C,Optimize a convex objective function,Can only be trained with stochastic gradient descent,Can use a mix of different activation functions,None of the above
machine_learning,Which of the following is false?,3,D,"Semantic segmentation models predict the class of each pixel, while multiclass image classifiers predict the class of entire image.",A bounding box with an IoU (intersection over union) equal to $96\%$ would likely be considered at true positive.,"When a predicted bounding box does not correspond to any object in the scene, it is considered a false positive.",A bounding box with an IoU (intersection over union) equal to $3\%$ would likely be considered at false negative.
business_ethics," ______ is an employee's preferred ratio between work-related and non-work-related activities which, due to intensification of work and technological shifts, has become a hotly contested issue in recent years.",3,D,Presenteeism,Absenteeism,Work-play balance,Work-life balance
business_ethics,"The extent to which an individual is able to creatively consider the consequences of, resolutions to, and issues associated with moral decision making is known as _________.",0,A,Moral imagination,Ethical reflexivity,Moral originality,Moral reflexivity
business_ethics,"A corporation is ________ from its managers, employees, investors and customers. It therefore has _______ succession and also ________.",2,C,"Indistinguishable, Perpetual, Does not own its own assets","Independent, Limited, Owns its own assets","Independent, Perpetual, Owns its own assets","Indistinguishable, Perpetual, Owns its own assets"
business_ethics," The ________ perspective on sustainability resulted from growth models that analysed the carrying capacity of the planet, overall concluding that the finite capacity of the earth and_______, ________ and _______ by current and past generations could reduce quality of life for future generations. This contrasts with the environmental perspective with focuses on the need to maintain and preserve the natural environment.",2,C,"Economic, Overuse of resources, Overpopulation, Over pollution,","Economic, Underuse of resources, Underpopulation, Unsustainability","Environmental, Underuse of resources, Overpopulation, Over pollution","Environmental, Overuse of resources, Underpopulation, Unsustainability"
business_ethics,"_______ is the term used to describe the ongoing approval and acceptance of a company's activities by society, especially among local communities and civil societies.",1,B,Enlightened self interest,Social licence to operate,Community approval,Supply chain responsibility
business_ethics,"Businesses engage in social accounting due to demands from _________, in order to identify ________, to improve ___________ and to encourage _________ and ___________",0,A,"Stakeholders, Risks, Stakeholder management, Accountability, Transparency","Stakeholders, Accountability, Transparency, Risks, Stakeholder Management","Stakeholders, Accountability, Risks, Stakeholders, Stakeholder Management","Stakeholders, Stakeholder Management, Transparency, Risks, Accountability"
business_ethics,"The Theory of _________ posits that 3 three levels of moral reasoning exist which an individual can engage in to assess ethical issues, dependant on their cognitive capacity.",1,B,Egoism,Cognitive moral development,Power distance,Uncertainty avoidance
business_ethics,"_______ such as bitcoin are becoming increasingly mainstream and have a whole host of associated ethical implications, for example, they are______ and more ______. However, they have also been used to engage in _______.",2,C,"Cryptocurrencies, Expensive, Secure, Financial Crime","Traditional currency, Cheap, Unsecure, Charitable giving","Cryptocurrencies, Cheap, Secure, Financial crime","Traditional currency, Expensive, Unsecure, Charitable giving"
business_ethics,"What term can be used to describe 'the hypothetical agreement between member of society and those who govern it which establishes the inter-relationships, rights and responsibilities on a fair basis'?",0,A,Social Contract,Duty Ethics,Consequentialism,Virtue Ethics
business_ethics,"Cognitive ______ models such as the Theory of _________ serve to try and explain consumer behaviour, but arguably somewhat oversimplify and overestimate individual ________.",2,C,"Decision, Market equilibrium, Rationality","Attitudinal, Planned Behaviour, Social pressures","Decision, Planned behaviour, Rationality","Attitudinal, Market equilibrium, Social pressures"
business_ethics,"______ regulation goes further than the ______ that CSOs have with businesses, as it also concerns _______of such processes.",1,B,"Legal, Interactions, Mechanics","Civil, Relations, Outcomes","Political, Interactions, Outcomes","Environmental, Relations, Mechanics"
business_ethics,"_______ economy is the term used to describe individuals being hired for a specific task rather than on a long-term basis. While this results in _________ which is beneficial for businesses, issues for those employed in such a manner relate to increased ________, uncertainty and a lack of _______.",0,A,"Gig, Flexibility, Risk, Social welfare structures","Sharing, Risk, Flexibility, Autonomy","Gig, Risk, Flexibility, Autonomy","Sharing, Flexibility, Risk, Social welfare structures"
business_ethics,Which of the following is not one the underlying principles of the corporate governance Combined Code of Practice?,3,D,Openness,Integrity,Availability,Acceptability
business_ethics,"________, where for example one party possess more resources, unfair distribution of ________, where one party gains more from the relationship, and CSOs being ________, are all limitations and risks of business-CSO collaborations.",1,B,"Power imbalance, Benefits, Hoodwinked","Power imbalance, Resources, Co-opted","Informational asymmetries, Benefits, Hoodwinked","Informational asymmetries, Resources, Co-opted"
business_ethics,Which of the following statements is correct?,1,B,Business ethics is not a real concept as the rules and ethics of everyday life don't apply to the world of business.,"Business Ethics is the study of business situations, activities and decisions where issues of right and wrong are addressed.",Business ethics cannot be defined as a real concept as it is an oxymoronic term.,Business ethics is concerned with the study of assessing the activities of a business based on their profitability.
business_ethics,"The degree to which corporate decisions, policies, activities and impacts are acknowledged and made visible to relevant stakeholders is known as ________",1,B,Corporate Opaqueness,Corporate Transparency,Corporate Openness,Corporate Visibility
business_ethics,"______ are the obligations of workers towards their employer, based on individual contracts and wider employment laws.",3,D,Employee rights,Employee rights,Employer duties,Employee duties
business_ethics,"Factors that impact ethical decision making can be broadly broken down into ________ factors, related to the unique characteristics of a person, and _________ factors, which are features of the person's environment or the particular issue.",3,D,"Tailored, Individual","Situational, Individual","Situational, Tailored","Individual, Situational"
business_ethics,"The ___________, otherwise known as _________ was launched in 1997 and is a global workplace standard that covers key labour rights such as working hours, forced labour and discrimination, with compliance being certified by independent auditors.",0,A,"Social accountability standard, SA 8000","Social accountability standard, SA 9000","Sarbanes-Oxley Act, SA 8000","Sarbanes-Oxley Act, SA 9000"
business_ethics,Which of the three following organisational characteristics of small businesses tend to characterise their engagement with business related issues?,2,C,"Size and complexity, owner and family member influence on the organisation, shareholder and stakeholder power","Lack of organisational resources, size and complexity, owner and family member influence","Informal relationships, owner and family member influence on the organisation, lack of organisational resources","Bureaucratic and formal organisational structure, lack of organisational resources, conflicts of interest"
business_ethics,"A(n) __________ is a ________, __________ framework which goes beyond linear functions, operations and transactions to produce a certain commodity or product",1,B,"International supply chain, Static, Disconnected","Global production network, Dynamic, Relational","International supply chain, Dynamic, Disconnected","Global production network, Static, Relational"
business_ethics,Cultural homogenization.,1,B,"1,3,4","1,2,3","1,2,3,4","2,3,4"
business_ethics,The complexity of the theory.,2,C,"1,2,3,4","1,3,4","1,2,3","1,2,4"
business_ethics,What are the three differing types of stakeholder theory according to Donaldson and Preston (1995)?,3,D,"Normative, Descriptive and Economic","Normative, Moral and Instrumental","Political, Descriptive and Instrumental","Normative, Descriptive and Instrumental"
business_ethics,"The so-called BRIC countries (Brazil, Russia, India and _______) tend to follow a __________ approach to corporate governance. However, recently this has tended to move towards more _______-based mechanisms.",3,D,"Canada, Market, Relationship","China, Market, Relationship","Canada, Relationship, Market","China, Relationship, Market"
business_ethics,"The race to the ______ is when, due to increased ________, countries compete for foreign investment through companies' relocation decisions by weakening their ______ and _____ standards.",0,A,"Bottom, Globalisation, Social, Environmental","Top, Globalisation, Political, Environmental","Bottom, Standardisation, Social, Economic","Top, Standardisation, Political, Economic"
business_ethics,Which of the following would most effectively act as the primary objective of a business organisation?,0,A,To make a profit,To procure resources,To communicate with shareholders,To mediate between the organisation and the environment
business_ethics,"The state of being unable to make an informed, reasoned decision about a product purchase is known as?",3,D,Consumer inclusion,Consumer competence,Consumer exclusion,Consumer vulnerability
business_ethics,Predatory pricing.,3,D,"1,2,4","1,2,3,4","1,2","1,4"
business_ethics,"Businesses have _____ within society and have the potential to provide a ____ to society while ____ has the potential to inflict enormous harm on individuals, communities and the environment.",3,D,"Little power, Small contribution, Business malpractice","Little power, Major contribution, Corporate social responsibility","Huge power, Small contribution, Corporate social responsibility","Huge power, Major contribution, Business malpractice"
business_ethics,The relationship between ethics and the law can be described as…,2,C,"Incredibly close, in fact, in all instances what is ethical is also what is legal and vice versa.","Not close, ethics and the law share a small amount of overlap, but fundamentally address differing questions and themes.","Close, as there is considerable overlap between ethics and law, but the two are not equivalent.","Not at all close, ethics and the law are virtually incompatible."
business_ethics,Demand reduction.,3,D,"1,3,4","2,3,4","1,2,3","1,2,4"
business_ethics,"____________ refers to a strategic process involving stakeholder assessment to create long-term relationships with customers, while maintaining, supporting, and enhancing the natural environment.",1,B,Eco-strategy,Green Marketing,Superfund reauthorization,Recycle and reprocess management
business_ethics,"The UK Public Services (Social Value) Act 2013 requires those procuring ______ to consider how they can secure wider _____, _____and _____ benefits.",3,D,"Private services, social, economic and environmental","Public services, social, cultural and environmental","Private services, cultural, economic and environmental","Public services, social, economic and environmental"
business_ethics,"The focus on issues, the intended audience extending beyond shareholders and the voluntary nature of ___________ distinguish it from _________.",2,C,"Financial accounting, Environmental management initiatives","Financial accounting, Social accounting.","Social accounting, Financial accounting.","Annual report publication, Social accounting"
business_ethics,_______ theory can be described as a code of conduct to which all rational beings should adhere. This contrasts with ________ morality which is the code of conduct adopted by a particular group or society.,2,C,"Descriptive, Normative","Normative, Instrumental","Normative, Descriptive","Ethical, Descriptive"
business_ethics,"What are, according to Wood (1991), the three outcomes of CSR?",0,A,"Social policies, Social programmes and Social impacts","Social evaluations, Social programmes and Social impacts","Social policies, Social evidencing and Social impacts","Social policies, Social programmes and Social analysis"
business_ethics,They are too irrational and uncodified.,1,B,"3,4","1,3","2,3","4,1"
business_ethics,A stakeholder orientation includes all of the following activities except:,3,D,Generating Data About Stakeholder Groups,Assessing The Firm's Effects On Stakeholder Groups,Distributing Stakeholder Information Throughout The Firm,Minimizing The Influence Of Stakeholder Information On The Firm
business_ethics,A company may become insolvent if it,3,D,has negative working capital,cannot meet its budgeted level of profit,makes a loss,cannot pay creditors in full after realisation of its assets
business_ethics," Although the benefit and contribution of civil society in encouraging sustainability, lobbying on important issues and helping the needy are taken for granted in many places, in many other countries, such as _____ and ______ civil society is far less developed than in, for instance, _______.",0,A,"Russia, China, Britain","Norway, China, Russia","Britain, United States, Australia","Canada, Russia, United States"
business_ethics,"Typical advertising regulatory bodies suggest, for example that adverts must not: encourage _________, cause unnecessary ________ or _____, and must not cause _______ offence.",1,B,"Unsafe practices, Wants, Fear, Trivial","Unsafe practices, Distress, Fear, Serious","Safe practices, Wants, Jealousy, Trivial","Safe practices, Distress, Jealousy, Serious"
business_ethics," _______, where actors are convinced that their actions harms nobody, _______ where actors argue that their norm violation is an attempt to realize higher-order values and ________ , where actors argue they are owed something, are all strategies for justifying or denying unethical behaviour.",2,C,"Appeal to higher loyalties, Denial of injury, Metaphor of the ledger","Appeal to higher loyalties, Metaphor of the ledger, Denial of injury","Denial of injury, Appeal to higher loyalties, Metaphor of the ledger","Denial of injury, Metaphor of the ledger, Appeal to higher loyalties,"
business_ethics,How the code is enforced.,1,B,"1,2,3","1,2,4","1,3,4","2,3,4"
business_ethics,"Affirmative action involves ________ attempts to target ______ who are _________ within an organisation's workforce, for instance by trying to ______ the proportion of women, disabled or racial minorities in senior management positions.",0,A,"Proactive, Groups, Under-represented, Increase","Passive, Groups, Under-represented, Retain","Proactive, Individuals, Represented, Increase","Passive, Individuals, Represented, Retain"
business_ethics,When the true cost an item is deliberately obscured by a company this is known as?,1,B,Predatory pricing,Deceptive pricing,Price fixing,Skimming
business_ethics,The need to head off negative publicity.,2,C,"1,3,4","2,3,4","1,2,3","1,2,3,4"
business_ethics,"Negative advertising, stealing or poaching customers and predatory pricing are all strategies employed by businesses described using the umbrella term ________.",3,D,Reasonable competitive behaviour,Swindles,Competitive tricks,Dirty tricks
business_ethics,Post-modern ethics assert that ethics are context and individual specific and as such have an internal guide to ethics.,1,B,"2,3","1,3","1,2,3","1,2"
business_ethics,______ is the corporate role in governing citizenship rights for the individual,3,D,Political Corporate Social Responsibility,Triple Bottom Line,Sustainability,Corporate Citizenship
high_school_biology,"Kangaroo rats are better able to concentrate urine than humans are. It would be expected that, compared to the nephrons of human kidneys, the nephrons of kangaroo-rat kidneys would have",2,C,"thicker walls, which are impermeable to water",shorter loops of Henle,longer loops of Henle,shorter collecting ducts
high_school_biology,The endocrine system maintains homeostasis using many feedback mechanisms. Which of the following is an example of positive feedback?,0,A,"Infant suckling causes a mother's brain to release oxytocin, which in turn stimulates milk production.",An enzyme is allosterically inhibited by the product of the reaction it catalyzes.,When ATP is abundant the rate of glycolysis decreases.,"When blood sugar levels decrease to normal after a meal, insulin is no longer secreted."
high_school_biology,"In minks, the gene for brown fur (B) is dominant over the gene for silver fur (b). Which set of genotypes represents a cross that could produce offspring with silver fur from parents that both have brown fur?",2,C,BB BB,BB Bb,Bb Bb,Bb bb
high_school_biology,All of the following are modes of asexual reproduction EXCEPT,3,D,sporulation,fission,budding,meiosis
high_school_biology,Which of the following best summarizes the process of allopatric speciation?,3,D,differential changes in allele frequencies → reproductive isolation → reproductive barriers → new species,catastrophic event → reproductive isolation → reproductive barriers → new species,reproductive isolation → differential changes in allele frequencies → reproductive barriers → new species,geographic isolation → reproductive isolation → differential changes in allele frequencies → reproductive barriers → new species
high_school_biology,"Many different fermentation pathways occur in different organisms in nature. For example, skeletal muscle cells convert pyruvate into lactic acid when no oxygen is present. Yeast cells can produce alcohol and carbon dioxide under the same circumstances. However, regardless of the specific reactions, the purpose of glycolysis is an important one. Which statement best describes the importance of glycolysis?",1,B,It produces large amounts of ATP by substrate level phosphorylation.,It reoxidizes NADH so that glycolysis can continue.,"It produces pyruvate, which is the raw material for oxidative phosphorylation.",It occurs in the cytoplasm.
high_school_biology,"As a young biologist, Charles Darwin had expected the living plants of temperate South America would resemble those of temperate Europe, but he was surprised to find that they more closely resembled the plants of tropical South America. The biological explanation for this observation is most properly associated with the field of",3,D,meteorology.,embryology.,vertebrate anatomy.,biogeography.
high_school_biology,"During the period when life is believed to have begun, the atmosphere on primitive Earth contained abundant amounts of all the following gases EXCEPT",0,A,oxygen,hydrogen,ammonia,methane
high_school_biology,Which of the following statements best summarizes evolution as it is viewed today?,3,D,It is goal-directed.,It represents the result of selection for acquired characteristics.,It is synonymous with the process of gene flow.,It is the differential survival and reproduction of the most-fit phenotypes.
high_school_biology,"In plants, the tendency of climbing vines to twine their tendrils around a trellis is called",0,A,thigmotropism,hydrotropism,phototropism,geotropism
high_school_biology,A piece of potato is dropped into a beaker of pure water. Which of the following describes the activity after the potato is immersed into the water?,1,B,Water moves from the potato into the surrounding water.,Water moves from the surrounding water into the potato.,Potato cells plasmolyze.,Solutes in the water move into the potato.
high_school_biology,Energy is harvested during cellular respiration in stages. Which of the following correctly states which phase of cellular respiration harvests the most energy and the correct explanation why?,2,C,The most energy is released during the Krebs cycle because it is here that pyruvate is completely broken down into CO2.,"The most energy is released during the Krebs cycle because in addition to the production of ATP, both FADH2 and NADH are produced. Each of those molecules will release 2 ATPs and 3 ATPs, respectively.","The most energy is released during oxidative phosphorylation because in addition to the phosphorylation of ADP into ATP, all the potential energy held in NADH and FADH is transferred to ATP.",The most energy is released during oxidative phosphorylation because H2O is completely broken down into H+ and O2.
high_school_biology,Chemical substances released by organisms that elicit a physiological or behavioral response in other members of the same species are known as,2,C,auxins,hormones,pheromones,enzymes
high_school_biology,Which of the following pairs of structures is least likely to represent homology?,3,D,The wings of a bat and the arms of a human,The hemoglobin of a baboon and that of a gorilla,The mitochondria of a plant and those of an animal,The wings of a bird and those of an insect
high_school_biology,During which phase of the cell cycle does the quantity of DNA in a eukaryotic cell typically double?,3,D,G_1,G_2,M,S
high_school_biology,Which of the following theories is based on the notion that mitochondria and chloroplasts evolved from prokaryotic cells?,1,B,Fluid mosaic model,Endosymbiotic model,Taxonomic model,Respiration feedback model
high_school_biology,The pH of two lakes is measured. Lake A has a pH of 8.0; Lake B has a pH of 6.0. Which of the following statements is correct about these lakes?,3,D,Lake B is alkaline.,Lake B is 100 times more alkaline than Lake A.,The hydrogen ion concentration of Lake B is 104 M.,The pH of both lakes will decrease in response to acid rain.
high_school_biology,Mosquitoes resistant to the pesticide DDT first appeared in India in 1959 within 15 years of widespread spraying of the insecticide. Which of the following statement best explains how the resistant mosquitoes arose?,1,B,Some mosquitoes experienced a mutation after being exposed to DDT that made them resistant to the insecticide. Then their population expanded because these moquitoes had no competition.,Some mosquitoes were already resistant to DDT when DDT was first sprayed. Then their population expanded because all the susceptible mosquitoes had been exterminated.,DDT is generally a very effective insecticide. One can only conclude that it was manufactured improperly.,"Although DDT is effective against a wide range of insects, it is not effective against mosquitoes."
high_school_biology,"A researcher grows a population of ferns in her laboratory. She notices, after a few generations, a new variant that has a distinct phenotype. When she tries to breed the original phenotype with the new one, no offspring are produced. When she breeds the new variants, however, offspring that look like the new variant result. Which of the following could possibly characterize the new variant?",3,D,Adaptive radiation,Divergent selection,Equilibrium,Polyploidy
high_school_biology,Which aspects of cell structure best reveals the unity of all life?,0,A,All cells are surrounded by a plasma membrane.,All cells have at least one nucleus.,All cells carry out cellular respiration in mitochondria.,The surface-to-volume ratio of all cells is the same.
high_school_biology,"Apoptosis, which is programmed cell death, is a necessary process in living organisms. Which of the following is NOT correct about apoptosis?",0,A,It occurs randomly.,A particular cell dies when it is no longer needed by the organism.,A cell carries out apoptosis when too many mutations have accumulated.,Plant cells carry out apoptosis as a defense measure in cells that have been infected by parasites.
high_school_biology,"On Andros Islands in the Bahamas, populations of mosquito fish, Gambusia hubbsi, colonized a series of ponds. These ponds are no longer connected. However, the environments are very similar except that some ponds contain predatory fish, while others do not. In high predation ponds, selection has favored the evolution of a body shape that enables rapid bursts of speed. In low predation ponds, another body type is favored—one that is well-suited to swim for long periods of time.",2,C,Reproductive isolation caused geographic isolation.,Reproductive isolation was not complete.,Allopatric isolation brought about reproductive isolation.,Sympatric isolation brought about reproductive isolation.
high_school_biology,"The fluidity of the plasma membrane can vary in response to temperature changes. For bacteria and yeast cells, which of the following would be a viable strategy to maintain homeostasis of the plasma membrane in a temperature-varying environment?",1,B,Increase the concentration of solutes in the cytosol.,Change the ratio of phospholipids with double covalent bonds in their tails to those without double covalent bonds in their tails.,Replace phospholipids with glucose molecules.,Exchange phospholipids from one side of the plasma membrane to the other.
high_school_biology,"The end product of the alcohol fermentation pathway is the alcohol ethanol. A considerable amount of energy still remains in ethanol, yet ethanol is a waste product for the yeast cells that produce it. What, then, is the purpose of fermentation?",3,D,Fermentation provides CO2 for photosynthesis.,Fermentation provides CO2 for cellular respiration.,Yeast cells excrete ethanol in order to provide a defense against invading bacteria.,Fermentation replenishes the NAD+ necessary for glycolysis to continue.
high_school_biology,Viruses are considered an exception to the cell theory because they,0,A,are not independent organisms,have only a few genes,move about via their tails,have evolved from ancestral protists
high_school_biology,"Compared to DNA viral replication, RNA viral replication is more susceptible to mutation because",3,D,"RNA replication takes place in the cytoplasm, whereas DNA replication takes place in the nucleus.",RNA viruses replicate much faster than DNA viruses.,RNA viruses use uracil instead of thymine.,RNA replication lacks the proofreading functions characteristic of DNA replication.
high_school_biology,Some strains of viruses can change normal mammalian cells into cancer cells in vitro. This transformation of the mammalian cell is usually associated with the,1,B,formation of a pilus between the mammalian cell and the virus,incorporation of the viral genome into the mammalian cell's nuclear DNA,conversion of the host's genome into the viral DNA,release of spores into the mammalian cell
high_school_biology,Yeast cells carry out both aerobic and anaerobic respiration. A yeast cell that is fed on glucose is moved from an aerobic to an anaerobic environment. Which of the following statements is correct and gives the correct reason for it?,1,B,The cell dies because it cannot make ATP.,The cell would need to consume glucose at a much greater rate because aerobic respiration is much more efficient as compared with anaerobic respiration.,The cell would need to consume another food source other than glucose because it will not be able to make adequate ATP with only glucose.,The cell will begin to divide rapidly because larger cells require more oxygen and glucose than smaller ones.
high_school_biology,Refer to question 15 for details on the squirrel population. Which of the following conditions is required to keep this population in Hardy-Weinberg equilibrium?,0,A,Random mating,Genetic drift,Mutation,Gene flow
high_school_biology,Which of the following is correct about vaccination?,3,D,It increases the number of different receptors that recognize a particular pathogen.,It increases the number of different macrophages specific to the antigen.,It increases the number of epitopes that the immune system can recognize.,It increases the number of lymphocytes with receptors that can recognize and bind to the antigen.
high_school_biology,"In a hypothetical environment, fishes called pike-cichlids are visual predators of algae-eating fish (i.e., they locate their prey by sight). If a population of algae-eaters experiences predation pressure from pike-cichlids, which of the following should least likely be observed in the algae-eater population over the course of many generations?",2,C,Selection for drab coloration of the algae-eaters,Selection for nocturnal algae-eaters (active only at night),"Selection for larger female algae-eaters, bearing broods composed of more, and larger, young",Selection for algae-eaters that become sexually mature at smaller overall body sizes
high_school_biology,Which of the following cells is most closely associated with phagocytosis?,0,A,Neutrophils,Plasma cells,B cells,Memory cells
high_school_biology,Which of the following statements about cellular respiration is correct?,3,D,Most CO2 produced during cellular respiration is released from glycolysis.,Protons are pumped through ATP synthase by active transport.,The final electron acceptor of the electron transport chain is NAD+.,ATP is formed because an endergonic reaction is coupled with an exergonic reaction.
high_school_biology,Cattle breeders have improved the quality of meat over the years by which process?,3,D,artificial selection,directional selection,stabilizing selection,A and B
high_school_biology,"In general, animal cells differ from plant cells in that animal cells have",3,D,a cell wall made of cellulose,lysosomes,large vacuoles that store water,centrioles within centrosomes
high_school_biology,Which of these makes determining the evolutionary relatedness of different species based on the amino acid sequence of homologous proteins generally less accurate than determinations of relatedness based on the nucleotide sequences of homologous genes?,0,A,Silent mutations,Gene duplications,Translocation events that change gene sequences,Crossing-over
high_school_biology,"Catastrophism, meaning the regular occurrence of geological or meteorological disturbances (catastrophes), was Cuvier's attempt to explain the existence of",1,B,evolution.,the fossil record.,uniformitarianism.,the origin of new species.
high_school_biology,"This process leads to the net production of two pyruvate, two ATP, and two NADH.",0,A,Glycolysis,Chemiosmosis,Fermentation,Calvin cycle
high_school_biology,Two unrelated species evolve in a way that makes them more similar.,1,B,Divergent evolution,Convergent evolution,Parallel evolution,Coevolution
high_school_biology,Most Swiss starlings produce four to five eggs in each clutch. Those producing fewer or more than this have reduced fitness. Which of the following terms best describes this?,2,C,artificial selection,directional selection,stabilizing selection,disruptive selection
high_school_biology,Which of these is a statement that Darwin would have rejected?,1,B,Environmental change plays a role in evolution.,The smallest entity that can evolve is an individual organism.,Individuals can acquire new characteristics as they respond to new environments or situations.,Inherited variation in a population is a necessary precondition for natural selection to operate.
high_school_biology,Which of the following best accounts for the ability of legumes to grow well in nitrogen-poor soils?,1,B,These plants make their own proteins.,These plants have a mutualistic relationship with nitrogen-fixing bacteria.,These plants are capable of directly converting nitrogen gas into nitrates.,These plants do not require nitrogen to make plant proteins.
high_school_biology,"It has been observed that organisms on islands are different from, but closely related to, similar forms found on the nearest continent. This is taken as evidence that",0,A,0,common environments are inhabited by the same organisms.,the islands were originally part of the continent.,the island forms and mainland forms are converging.
high_school_biology,Photosynthesis requires,1,B,"glucose, light, CO2","light, CO2, water","water, soil, O2","O2, water, light"
high_school_biology,Viral transduction is the process by which viruses carry bacterial DNA from one bacterial cell to another. In what way does this process play a role in bacterial evolution?,2,C,By making the bacterial cell more resistant to predators,By directly creating new species of bacteria,By increasing genetic variation of the bacteria,By selecting for viruses better able to infect bacteria
high_school_biology,Which of the following principles is NOT part of Darwin's theory of evolution by natural selection?,2,C,Evolution is a gradual process that occurs over a long period of time.,Every population has tremendous variation.,Mutations are the main source of all variation in a population.,"Organisms will overpopulate area, giving rise to competition."
high_school_biology,Which of the following are characteristics of both bacteria and fungi?,0,A,"Cell wall, DNA, and plasma membrane","Nucleus, organelles, and unicellularity","Plasma membrane, multicellularity, and Golgi apparatus","Cell wall, unicellularity, and mitochondria"
high_school_biology,Which of the following pairs of scientists pioneered the ecological discipline known as island biogeography?,0,A,Robert MacArthur and E. O. Wilson,James Watson and Francis Crick,Matthias Schleiden and Theodor Schwann,Alfred Hershey and Martha Chase
high_school_biology,"Females with Turner's syndrome have a high incidence of hemophilia, a recessive, X-linked trait. Based on this information, it can be inferred that females with this condition",2,C,have an extra X chromosome,have an extra Y chromosome,lack an X chromosome,have red blood cells that clump
high_school_biology,Natural selection is based on all of the following except,3,D,genetic variation exists within populations.,the best-adapted individuals tend to leave the most offspring.,individuals who survive longer tend to leave more offspring than those who die young.,"individuals adapt to their environments and, thereby, evolve."
